rgn_id,year,factor
5602,2024,0.25
5602,2021,0.5
5602,2023,0.1
5602,2020,1.0
5602,2022,0.25
10202,2024,1.0
10202,2020,0.25
10202,2023,0.25
10202,2021,0.25
10202,2022,0.5
2101,2024,0.25
2101,2023,1.0
2101,2021,0.25
2101,2022,0.5
2101,2020,0.25
8202,2020,1.0
8202,2022,0.5
8202,2024,0.25
8202,2021,0.5
8202,2023,0.5
15101,2020,0.25
15101,2021,1.0
15101,2023,0.25
15101,2024,0.5
15101,2022,0.5
11201,2024,1.0
11201,2022,0.25
11201,2021,0.25
11201,2023,0.5
11201,2020,0.5
12201,2020,0.25
12201,2021,0.5
12201,2023,0.25
12201,2024,1.0
12201,2022,0.5
10102,2023,0.5
10102,2021,0.5
10102,2024,0.5
10102,2020,0.5
10102,2022,0.25
3102,2024,0.25
3102,2021,1.0
3102,2023,0.25
3102,2022,1.0
3102,2020,0.5
15102,2021,1.0
15102,2022,1.0
15102,2024,0.25
15102,2020,0.25
15102,2023,0.5
4202,2020,0.5
4202,2022,0.5
4202,2023,0.5
4202,2024,0.25
4202,2021,0.5
8203,2023,0.25
8203,2021,0.25
8203,2024,0.25
8203,2020,0.25
8203,2022,0.25
9102,2023,0.5
9102,2024,0.25
9102,2020,0.5
9102,2022,0.5
9102,2021,1.0
5603,2024,1.0
5603,2020,0.25
5603,2022,0.25
5603,2023,0.5
5603,2021,0.25
5102,2024,1.0
5102,2022,0.5
5102,2020,1.0
5102,2021,0.5
5102,2023,1.0
10201,2021,0.5
10201,2024,0.5
10201,2020,0.25
10201,2023,0.5
10201,2022,0.25
10401,2024,0.25
10401,2023,0.25
10401,2022,0.5
10401,2021,0.5
10401,2020,0.25
3201,2021,0.25
3201,2023,0.5
3201,2022,1.0
3201,2020,0.25
3201,2024,1.0
7202,2022,0.25
7202,2024,0.25
7202,2021,0.25
7202,2023,0.5
7202,2020,1.0
10203,2021,1.0
10203,2020,0.75
10203,2024,0.5
10203,2023,0.5
10203,2022,0.5
11202,2023,0.5
11202,2021,0.5
11202,2022,0.25
11202,2024,0.25
11202,2020,0.25
16202,2023,1.0
16202,2022,0.5
16202,2021,0.25
16202,2020,1.0
16202,2024,0.25
10103,2023,0.5
10103,2024,0.25
10103,2021,0.25
10103,2022,1.0
10103,2020,0.25
16203,2023,0.5
16203,2021,0.25
16203,2020,0.5
16203,2024,0.25
16203,2022,0.75
5103,2024,1.0
5103,2021,0.5
5103,2020,0.5
5103,2023,0.5
5103,2022,1.0
7102,2023,0.5
7102,2024,1.0
7102,2021,0.25
7102,2020,0.5
7102,2022,0.5
3101,2020,0.25
3101,2023,0.5
3101,2021,1.0
3101,2022,0.25
3101,2024,0.25
4102,2023,0.5
4102,2021,0.5
4102,2022,0.75
4102,2020,1.0
4102,2024,0.25
8102,2021,1.0
8102,2024,0.5
8102,2022,0.5
8102,2020,0.25
8102,2023,0.25
14102,2023,0.25
14102,2022,0.5
14102,2024,0.25
14102,2021,0.5
14102,2020,0.5
10204,2021,0.5
10204,2020,0.25
10204,2023,0.25
10204,2022,0.25
10204,2024,0.25
7103,2022,1.0
7103,2021,0.5
7103,2020,0.25
7103,2024,0.5
7103,2023,0.5
10205,2021,1.0
10205,2024,1.0
10205,2023,0.5
10205,2022,0.25
10205,2020,1.0
5604,2021,0.5
5604,2020,0.5
5604,2024,1.0
5604,2022,0.5
5604,2023,0.25
5605,2021,0.25
5605,2023,0.5
5605,2022,0.5
5605,2024,0.25
5605,2020,1.0
3303,2020,0.5
3303,2024,0.5
3303,2022,0.5
3303,2023,0.25
3303,2021,0.5
10104,2023,0.5
10104,2022,0.5
10104,2021,0.75
10104,2024,1.0
10104,2020,0.25
11203,2021,0.25
11203,2023,1.0
11203,2022,1.0
11203,2024,0.5
11203,2020,1.0
10403,2021,0.25
10403,2023,0.25
10403,2020,0.5
10403,2022,1.0
10403,2024,0.5
8112,2023,0.5
8112,2020,0.25
8112,2021,0.25
8112,2024,0.5
8112,2022,0.5
1404,2021,0.5
1404,2024,0.25
1404,2022,0.5
1404,2023,0.25
1404,2020,0.25
3304,2023,0.5
3304,2021,0.5
3304,2024,0.5
3304,2022,0.25
3304,2020,0.5
1101,2023,0.5
1101,2022,0.25
1101,2021,0.25
1101,2024,0.5
1101,2020,0.25
5104,2024,0.5
5104,2022,0.5
5104,2023,0.25
5104,2020,1.0
5104,2021,0.5
4104,2024,0.25
4104,2022,1.0
4104,2020,1.0
4104,2023,0.25
4104,2021,0.5
5401,2023,1.0
5401,2024,0.25
5401,2021,0.25
5401,2022,0.5
5401,2020,1.0
4101,2022,1.0
4101,2020,0.25
4101,2021,1.0
4101,2023,0.5
4101,2024,0.25
14201,2022,0.25
14201,2023,0.5
14201,2021,0.5
14201,2020,1.0
14201,2024,0.25
8201,2023,0.25
8201,2024,0.25
8201,2020,0.25
8201,2021,1.0
8201,2022,1.0
7303,2022,0.25
7303,2021,0.25
7303,2023,0.5
7303,2024,0.25
7303,2020,0.25
6203,2021,0.25
6203,2022,0.5
6203,2020,1.0
6203,2024,1.0
6203,2023,0.25
8206,2021,0.25
8206,2022,0.5
8206,2024,0.5
8206,2023,0.5
8206,2020,0.25
10106,2020,1.0
10106,2022,0.5
10106,2021,0.5
10106,2023,0.25
10106,2024,0.5
4203,2023,0.5
4203,2022,1.0
4203,2020,0.5
4203,2024,0.25
4203,2021,1.0
8106,2023,0.5
8106,2020,1.0
8106,2022,0.5
8106,2024,0.25
8106,2021,1.0
14106,2024,0.25
14106,2023,0.5
14106,2022,0.5
14106,2021,0.25
14106,2020,0.5
10108,2023,0.25
10108,2022,0.5
10108,2020,0.25
10108,2021,0.5
10108,2024,0.25
2102,2021,1.0
2102,2022,1.0
2102,2023,0.25
2102,2020,0.25
2102,2024,0.25
12401,2021,0.5
12401,2020,0.5
12401,2023,0.25
12401,2022,0.25
12401,2024,0.5
6205,2021,1.0
6205,2020,0.25
6205,2022,0.5
6205,2023,0.25
6205,2024,1.0
4301,2020,0.25
4301,2023,0.25
4301,2024,0.5
4301,2022,0.5
4301,2021,1.0
5403,2021,0.25
5403,2022,0.75
5403,2023,0.25
5403,2024,0.25
5403,2020,0.25
6206,2023,0.5
6206,2021,0.25
6206,2024,1.0
6206,2022,0.5
6206,2020,0.25
7203,2024,0.5
7203,2022,0.25
7203,2021,1.0
7203,2020,0.5
7203,2023,0.25
8107,2020,0.25
8107,2021,0.25
8107,2022,0.25
8107,2023,1.0
8107,2024,0.25
6201,2020,0.25
6201,2023,0.5
6201,2024,0.25
6201,2022,0.25
6201,2021,0.5
12301,2024,1.0
12301,2023,0.5
12301,2022,0.25
12301,2020,0.5
12301,2021,0.5
12302,2022,0.25
12302,2024,0.25
12302,2021,0.5
12302,2020,0.25
12302,2023,1.0
5105,2024,0.25
5105,2020,1.0
5105,2023,1.0
5105,2022,1.0
5105,2021,0.25
10101,2022,0.5
10101,2020,0.5
10101,2023,0.5
10101,2021,0.5
10101,2024,0.5
10109,2023,0.25
10109,2020,0.25
10109,2022,0.5
10109,2024,0.5
10109,2021,0.25
12101,2021,0.25
12101,2020,0.25
12101,2023,0.5
12101,2024,0.25
12101,2022,1.0
10206,2020,0.25
10206,2024,0.25
10206,2023,1.0
10206,2022,0.5
10206,2021,0.5
10303,2023,0.25
10303,2024,0.5
10303,2020,1.0
10303,2021,0.25
10303,2022,0.25
10207,2020,0.5
10207,2023,1.0
10207,2021,0.25
10207,2024,0.25
10207,2022,0.25
10208,2021,0.25
10208,2024,1.0
10208,2022,1.0
10208,2020,1.0
10208,2023,0.25
10209,2020,0.25
10209,2022,0.5
10209,2024,0.5
10209,2023,0.5
10209,2021,0.5
10210,2021,0.25
10210,2024,0.5
10210,2020,0.5
10210,2023,0.25
10210,2022,0.25
5107,2023,0.5
5107,2022,0.25
5107,2021,0.5
5107,2024,0.5
5107,2020,0.25
10305,2022,1.0
10305,2023,1.0
10305,2024,0.25
10305,2021,0.25
10305,2020,0.25
9116,2023,0.1
9116,2024,1.0
9116,2021,0.5
9116,2020,0.5
9116,2022,0.1
5601,2024,1.0
5601,2023,1.0
5601,2022,0.5
5601,2021,0.5
5601,2020,0.5
12104,2024,1.0
12104,2023,0.5
12104,2022,0.5
12104,2020,0.5
12104,2021,1.0
10306,2023,1.0
10306,2020,0.25
10306,2022,1.0
10306,2021,0.5
10306,2024,0.25
8108,2020,0.25
8108,2024,0.25
8108,2021,0.5
8108,2023,0.25
8108,2022,0.5
5606,2020,0.5
5606,2022,0.25
5606,2021,0.25
5606,2024,0.25
5606,2023,0.5
8110,2022,1.0
8110,2020,0.5
8110,2021,0.5
8110,2023,0.25
8110,2024,0.25
2104,2021,0.25
2104,2020,0.25
2104,2022,0.5
2104,2023,0.5
2104,2024,0.5
9117,2022,0.5
9117,2020,0.5
9117,2021,0.5
9117,2024,1.0
9117,2023,0.5
12303,2024,0.5
12303,2020,0.25
12303,2021,0.25
12303,2023,0.25
12303,2022,0.5
8207,2024,1.0
8207,2023,0.5
8207,2021,0.5
8207,2020,0.1
8207,2022,0.5
2301,2023,1.0
2301,2022,1.0
2301,2024,0.5
2301,2020,0.5
2301,2021,0.25
9118,2024,1.0
9118,2020,0.25
9118,2023,0.5
9118,2022,0.5
9118,2021,1.0
8111,2021,0.5
8111,2020,0.5
8111,2022,0.5
8111,2024,0.5
8111,2023,0.1
12402,2020,0.5
12402,2021,1.0
12402,2022,0.25
12402,2023,0.25
12402,2024,0.25
11303,2023,0.25
11303,2024,1.0
11303,2022,0.75
11303,2021,1.0
11303,2020,0.25
14101,2020,0.25
14101,2021,0.25
14101,2023,1.0
14101,2024,0.25
14101,2022,0.5
5101,2020,0.5
5101,2021,1.0
5101,2022,0.25
5101,2024,0.5
5101,2023,0.25
7309,2020,0.5
7309,2021,0.25
7309,2022,0.25
7309,2023,0.5
7309,2024,0.5
5109,2020,0.5
5109,2021,0.5
5109,2022,0.5
5109,2023,0.25
5109,2024,0.25
5405,2020,0.25
5405,2021,1.0
5405,2022,0.25
5405,2023,0.25
5405,2024,0.5
